"","name","year","pressure","windspeed","radius","rainfall_mm","surge","Tors"
"1","ALBERTO",1982,985,75,-999,418.338,NA,NA
"2","ALBERTO",1988,1002,35,-999,NA,NA,NA
"3","ALBERTO",1994,993,55,-999,707.39,1.52,NA
"4","ALBERTO",2000,950,110,-999,NA,NA,NA
"5","ALBERTO",2006,969,60,125,181.864,1.83,17
"6","ALBERTO",2012,995,50,20,NA,NA,NA
"7","ALBERTO",2018,990,55,40,312.42,NA,NA
"8","ALEX",1998,1002,45,-999,NA,NA,NA
"9","ALEX",2004,957,105,80,191.77,NA,NA
"10","ALEX",2010,946,95,90,890.016,1.51,11
"11","ALEX",2016,978,75,360,NA,NA,NA
"12","ALICIA",1983,962,100,-999,241.3,3.85,NA
"13","ALLEN",1980,-999,165,-999,513.08,3.66,NA
"14","ALLISON",1989,999,45,-999,652.018,NA,NA
"15","ALLISON",1995,982,65,-999,231.14,2.44,6
"16","ALLISON",2001,1000,50,-999,1033.272,NA,26
"17","ALPHA",2005,998,45,0,NA,NA,NA
"18","ALPHA",2020,992,60,140,NA,NA,NA
"19","ANA",1985,996,60,-999,34.798,NA,NA
"20","ANA",1991,1000,45,-999,199.644,NA,NA
"21","ANA",1997,1000,40,-999,NA,NA,NA
"22","ANA",2003,994,50,-999,NA,NA,NA
"23","ANA",2009,1003,35,0,70.104,NA,NA
"24","ANA",2015,998,50,80,175.006,NA,1
"25","ANDREA",2007,998,65,320,19.558,NA,NA
"26","ANDREA",2013,992,55,70,362.458,NA,11
"27","ANDREA",2019,1006,35,0,NA,NA,NA
"28","ANDREW",1986,999,45,-999,NA,NA,NA
"29","ANDREW",1992,922,150,-999,355.092,2.44,NA
"30","ARLENE",1981,999,50,-999,NA,NA,NA
"31","ARLENE",1987,987,65,-999,41.91,NA,NA
"32","ARLENE",1993,1000,35,-999,387.604,1.22,NA
"33","ARLENE",1999,1006,50,-999,NA,NA,NA
"34","ARLENE",2005,989,60,100,249.936,1.52,3
"35","ARLENE",2011,993,55,70,NA,NA,1
"36","ARLENE",2017,986,55,180,NA,NA,NA
"37","ARTHUR",1984,1004,45,-999,NA,NA,NA
"38","ARTHUR",1990,995,60,-999,NA,NA,NA
"39","ARTHUR",1996,992,45,-999,NA,NA,NA
"40","ARTHUR",2002,992,50,-999,NA,NA,NA
"41","ARTHUR",2008,1004,40,0,NA,NA,NA
"42","ARTHUR",2014,972,85,100,221.742,NA,5
"43","ARTHUR",2020,989,55,90,252.73,NA,NA
"44","BARRY",1983,986,70,-999,76.454,NA,NA
"45","BARRY",1989,1005,45,-999,NA,NA,NA
"46","BARRY",1995,989,60,-999,NA,NA,NA
"47","BARRY",2001,990,60,-999,297.18,NA,4
"48","BARRY",2007,990,50,20,203.2,NA,2
"49","BARRY",2013,1003,40,0,NA,NA,NA
"50","BARRY",2019,993,65,90,598.932,NA,NA
"51","BERTHA",1984,1007,35,-999,NA,NA,NA
"52","BERTHA",1990,973,70,-999,18.034,NA,NA
"53","BERTHA",1996,960,100,-999,233.68,NA,15
"54","BERTHA",2002,1007,35,-999,260.35,NA,NA
"55","BERTHA",2008,952,110,150,121.158,NA,NA
"56","BERTHA",2014,996,70,50,279.4,NA,NA
"57","BERTHA",2020,1005,45,0,345.948,NA,NA
"58","BERYL",1982,989,60,-999,NA,NA,NA
"59","BERYL",1988,1001,45,-999,408.686,1.68,NA
"60","BERYL",1994,999,50,-999,443.23,NA,NA
"61","BERYL",2000,1007,45,-999,247.904,NA,NA
"62","BERYL",2006,1000,50,40,24.638,NA,NA
"63","BERYL",2012,992,60,50,381,NA,4
"64","BERYL",2018,991,70,20,NA,NA,NA
"65","BETA",2005,962,100,30,NA,NA,NA
"66","BETA",2020,993,55,80,400.558,NA,NA
"67","BILL",1997,986,65,-999,NA,NA,NA
"68","BILL",2003,997,50,-999,259.08,1.69,30
"69","BILL",2009,943,115,175,134.874,NA,NA
"70","BILL",2015,997,50,20,383.794,NA,17
"71","BOB",1985,1002,65,-999,546.1,NA,NA
"72","BOB",1991,950,100,-999,209.296,NA,NA
"73","BONNIE",1980,975,85,-999,NA,NA,NA
"74","BONNIE",1986,990,75,-999,330.2,1.58,NA
"75","BONNIE",1992,965,95,-999,NA,NA,NA
"76","BONNIE",1998,954,100,-999,371.094,NA,8
"77","BONNIE",2004,1001,55,15,154.178,NA,16
"78","BONNIE",2010,1005,40,0,146.05,NA,NA
"79","BONNIE",2016,1006,40,0,354.33,NA,NA
"80","BRET",1981,-999,60,-999,113.792,NA,NA
"81","BRET",1987,1000,45,-999,NA,NA,NA
"82","BRET",1993,1002,50,-999,NA,NA,NA
"83","BRET",1999,944,125,-999,334.772,2.44,5
"84","BRET",2005,1002,35,0,NA,NA,NA
"85","BRET",2011,995,60,20,NA,NA,NA
"86","BRET",2017,1007,45,0,NA,NA,NA
"87","CESAR",1984,989,50,-999,NA,NA,NA
"88","CESAR",1990,1000,45,-999,NA,NA,NA
"89","CESAR",1996,985,75,-999,NA,NA,NA
"90","CHANTAL",1983,994,65,-999,61.976,NA,NA
"91","CHANTAL",1989,984,70,-999,508,2.13,NA
"92","CHANTAL",1995,991,60,-999,NA,NA,NA
"93","CHANTAL",2001,997,60,-999,508.762,NA,NA
"94","CHANTAL",2007,964,60,250,NA,NA,NA
"95","CHANTAL",2013,1003,55,50,54.864,NA,NA
"96","CHANTAL",2019,1007,35,0,NA,NA,NA
"97","CHARLEY",1980,989,70,-999,NA,NA,NA
"98","CHARLEY",1986,980,70,-999,218.694,NA,NA
"99","CHARLEY",1992,965,95,-999,NA,NA,NA
"100","CHARLEY",1998,1000,60,-999,483.87,NA,NA
"101","CHARLEY",2004,941,130,75,250.952,2.13,20
"102","CHRIS",1982,994,55,-999,NA,1.83,NA
"103","CHRIS",1988,1005,45,-999,369.57,NA,NA
"104","CHRIS",1994,979,70,-999,94.742,NA,NA
"105","CHRIS",2000,1008,35,-999,NA,NA,NA
"106","CHRIS",2006,1001,55,25,127.254,NA,NA
"107","CHRIS",2012,974,75,50,NA,NA,NA
"108","CHRIS",2018,969,90,70,NA,NA,NA
"109","CINDY",1981,1002,50,-999,NA,NA,NA
"110","CINDY",1987,1000,45,-999,NA,NA,NA
"111","CINDY",1993,1007,40,-999,116.84,NA,NA
"112","CINDY",1999,942,120,-999,NA,NA,NA
"113","CINDY",2005,991,65,30,241.3,1.83,48
"114","CINDY",2011,994,60,35,NA,NA,NA
"115","CINDY",2017,991,50,80,474.726,NA,NA
"116","CLAUDETTE",1985,980,75,-999,15.494,NA,NA
"117","CLAUDETTE",1991,944,115,-999,NA,NA,NA
"118","CLAUDETTE",1997,1003,40,-999,NA,NA,NA
"119","CLAUDETTE",2003,979,80,-999,168.148,2.79,2
"120","CLAUDETTE",2009,1005,50,30,149.352,NA,NA
"121","CLAUDETTE",2015,1003,45,0,NA,NA,NA
"122","COLIN",2010,1005,50,25,NA,NA,NA
"123","COLIN",2016,987,50,100,445.516,NA,NA
"124","CRISTOBAL",2002,999,45,-999,NA,NA,NA
"125","CRISTOBAL",2008,998,55,45,202.438,NA,NA
"126","CRISTOBAL",2014,963,75,140,NA,NA,NA
"127","CRISTOBAL",2020,982,50,150,388.62,NA,NA
"128","DANIELLE",1980,1004,50,-999,464.566,NA,NA
"129","DANIELLE",1986,1000,50,-999,NA,NA,NA
"130","DANIELLE",1992,1001,55,-999,106.68,NA,NA
"131","DANIELLE",1998,960,90,-999,NA,NA,NA
"132","DANIELLE",2004,964,95,75,NA,NA,NA
"133","DANIELLE",2010,942,115,150,NA,NA,NA
"134","DANIELLE",2016,1007,40,0,NA,NA,NA
"135","DANNY",1985,987,80,-999,248.92,2.44,NA
"136","DANNY",1991,998,45,-999,NA,NA,NA
"137","DANNY",1997,984,70,-999,932.434,1.99,13
"138","DANNY",2003,1000,65,-999,NA,NA,NA
"139","DANNY",2009,1006,50,120,NA,NA,NA
"140","DANNY",2015,960,110,30,NA,NA,NA
"141","DEAN",1983,999,55,-999,117.348,NA,NA
"142","DEAN",1989,968,90,-999,NA,NA,NA
"143","DEAN",1995,999,40,-999,447.04,NA,5
"144","DEAN",2001,994,60,-999,NA,NA,NA
"145","DEAN",2007,905,150,140,NA,NA,NA
"146","DEBBY",1982,950,115,-999,326.644,NA,NA
"147","DEBBY",1988,987,65,-999,662.686,NA,NA
"148","DEBBY",1994,1006,60,-999,NA,NA,NA
"149","DEBBY",2000,991,75,-999,308.864,NA,NA
"150","DEBBY",2006,999,45,0,NA,NA,NA
"151","DEBBY",2012,990,55,70,731.012,NA,25
"152","DEBBY",2018,998,45,0,NA,NA,NA
"153","DELTA",2005,980,60,120,NA,NA,NA
"154","DELTA",2020,953,120,50,446.278,NA,NA
"155","DENNIS",1981,-999,70,-999,649.224,NA,NA
"156","DENNIS",1987,1000,45,-999,NA,NA,NA
"157","DENNIS",1993,1000,45,-999,NA,NA,NA
"158","DENNIS",1999,962,90,-999,505.714,NA,1
"159","DENNIS",2005,930,130,100,325.12,2.74,10
"160","DIANA",1984,949,115,-999,482.092,NA,NA
"161","DIANA",1990,980,85,-999,556.768,NA,NA
"162","DOLLY",1996,989,70,-999,950.214,NA,1
"163","DOLLY",2002,997,50,-999,NA,NA,NA
"164","DOLLY",2008,963,85,50,381,1.22,6
"165","DOLLY",2014,1000,45,0,NA,NA,NA
"166","DOLLY",2020,1000,40,0,NA,NA,NA
"167","DON",2011,997,45,0,NA,NA,NA
"168","DON",2017,1005,45,0,NA,NA,NA
"169","DORIAN",2013,1002,50,20,NA,NA,NA
"170","DORIAN",2019,910,160,150,580.136,NA,NA
"171","EARL",1980,-999,65,-999,NA,NA,NA
"172","EARL",1986,979,90,-999,NA,NA,NA
"173","EARL",1992,990,55,-999,237.744,NA,NA
"174","EARL",1998,964,85,-999,415.544,2.44,15
"175","EARL",2004,1009,45,0,NA,NA,NA
"176","EARL",2010,927,125,120,131.826,NA,NA
"177","EARL",2016,979,75,50,NA,NA,NA
"178","EDOUARD",1984,998,55,-999,NA,NA,NA
"179","EDOUARD",1990,1003,40,-999,NA,NA,NA
"180","EDOUARD",1996,933,125,-999,161.798,NA,NA
"181","EDOUARD",2002,1002,55,-999,194.056,NA,NA
"182","EDOUARD",2008,996,55,30,164.592,NA,NA
"183","EDOUARD",2014,955,105,120,NA,NA,NA
"184","EDOUARD",2020,1005,40,0,NA,NA,NA
"185","EIGHT",2009,1008,30,0,NA,NA,NA
"186","EIGHT",2013,1008,30,0,NA,NA,NA
"187","EIGHT",2016,1010,30,0,NA,NA,NA
"188","ELENA",1985,953,110,-999,398.018,3.05,NA
"189","ELEVEN",2018,1007,30,0,NA,NA,NA
"190","EMILY",1981,966,80,-999,124.968,NA,NA
"191","EMILY",1987,958,110,-999,117.602,NA,NA
"192","EMILY",1993,960,100,-999,190.754,NA,NA
"193","EMILY",1999,1004,45,-999,NA,NA,NA
"194","EMILY",2005,929,140,100,132.08,1.52,11
"195","EMILY",2011,1003,45,0,157.734,NA,NA
"196","EMILY",2017,1001,50,20,182.626,NA,NA
"197","EPSILON",2005,981,75,70,NA,NA,NA
"198","EPSILON",2020,952,100,180,NA,NA,NA
"199","ERIKA",1991,997,50,-999,NA,NA,NA
"200","ERIKA",1997,946,110,-999,NA,NA,NA
"201","ERIKA",2003,986,65,-999,246.888,NA,NA
"202","ERIKA",2009,1004,45,0,201.168,NA,NA
"203","ERIKA",2015,1001,45,0,228.6,NA,NA
"204","ERIN",1989,968,90,-999,NA,NA,NA
"205","ERIN",1995,973,85,-999,508,2.13,14
"206","ERIN",2001,968,105,-999,NA,NA,NA
"207","ERIN",2007,995,50,15,325.374,NA,7
"208","ERIN",2013,1006,40,0,NA,NA,NA
"209","ERIN",2019,1002,35,0,NA,NA,NA
"210","ERNESTO",1982,997,60,-999,NA,NA,NA
"211","ERNESTO",1988,994,55,-999,NA,NA,NA
"212","ERNESTO",1994,997,50,-999,NA,NA,NA
"213","ERNESTO",2000,1008,35,-999,NA,NA,NA
"214","ERNESTO",2006,985,65,50,371.094,NA,5
"215","ERNESTO",2012,973,85,60,NA,NA,NA
"216","ERNESTO",2018,999,40,0,NA,NA,NA
"217","ETA",2020,922,130,70,526.796,NA,NA
"218","FABIAN",1985,994,55,-999,NA,NA,NA
"219","FABIAN",1991,1002,40,-999,106.426,NA,NA
"220","FABIAN",1997,1004,40,-999,NA,NA,NA
"221","FABIAN",2003,939,125,-999,NA,NA,NA
"222","FAY",2002,998,50,-999,469.646,NA,11
"223","FAY",2008,986,60,65,702.31,1.52,50
"224","FAY",2014,983,70,60,NA,NA,NA
"225","FAY",2020,998,50,90,329.184,NA,NA
"226","FELIX",1989,979,75,-999,NA,NA,NA
"227","FELIX",1995,929,120,-999,NA,NA,NA
"228","FELIX",2001,962,100,-999,NA,NA,NA
"229","FELIX",2007,929,150,60,NA,NA,NA
"230","FERNAND",2013,1001,50,10,NA,NA,NA
"231","FERNAND",2019,1000,45,0,NA,NA,NA
"232","FIFTEEN",2007,996,45,0,NA,NA,NA
"233","FIFTEEN",2019,1006,30,0,NA,NA,NA
"234","FIONA",2010,998,55,30,NA,NA,NA
"235","FIONA",2016,1004,45,0,NA,NA,NA
"236","FIVE",2010,1007,30,0,NA,NA,NA
"237","FLORENCE",1988,982,70,-999,274.066,1.83,NA
"238","FLORENCE",1994,972,95,-999,NA,NA,NA
"239","FLORENCE",2000,985,70,-999,NA,NA,NA
"240","FLORENCE",2006,963,80,360,67.056,NA,NA
"241","FLORENCE",2012,1002,50,30,NA,NA,NA
"242","FLORENCE",2018,937,130,110,912.622,NA,NA
"243","FLOYD",1981,975,100,-999,NA,NA,NA
"244","FLOYD",1987,993,65,-999,255.778,1.22,NA
"245","FLOYD",1993,966,70,-999,20.574,NA,NA
"246","FLOYD",1999,921,135,-999,611.124,NA,18
"247","FOUR",2017,1009,25,0,NA,NA,NA
"248","FRAN",1984,994,55,-999,NA,NA,NA
"249","FRAN",1990,-999,35,-999,NA,NA,NA
"250","FRAN",1996,946,105,-999,406.4,NA,2
"251","FRANCES",1980,958,100,-999,NA,NA,NA
"252","FRANCES",1986,1000,75,-999,NA,NA,NA
"253","FRANCES",1992,976,75,-999,NA,NA,NA
"254","FRANCES",1998,990,55,-999,1119.124,2.44,14
"255","FRANCES",2004,935,125,125,598.678,1.83,103
"256","FRANKLIN",2005,997,60,90,NA,NA,NA
"257","FRANKLIN",2011,1004,40,0,NA,NA,NA
"258","FRANKLIN",2017,981,75,50,NA,NA,NA
"259","FRED",2009,958,105,45,NA,NA,NA
"260","FRED",2015,986,75,40,NA,NA,NA
"261","GABRIELLE",1989,935,125,-999,NA,NA,NA
"262","GABRIELLE",1995,988,60,-999,493.776,NA,NA
"263","GABRIELLE",2001,975,70,-999,383.54,1.55,18
"264","GABRIELLE",2007,1004,50,15,229.362,NA,NA
"265","GABRIELLE",2013,1003,55,20,264.414,NA,NA
"266","GABRIELLE",2019,995,55,70,NA,NA,NA
"267","GAMMA",2005,1002,45,0,NA,NA,NA
"268","GAMMA",2020,978,65,50,386.08,NA,NA
"269","GASTON",2004,985,65,25,320.04,NA,18
"270","GASTON",2010,1005,35,0,76.962,NA,NA
"271","GASTON",2016,955,105,100,NA,NA,NA
"272","GEORGES",1980,993,70,-999,NA,NA,NA
"273","GEORGES",1998,937,135,-999,976.884,3.63,48
"274","GERT",1981,988,90,-999,152.908,NA,NA
"275","GERT",1993,970,85,-999,804.926,NA,NA
"276","GERT",1999,930,130,-999,NA,NA,NA
"277","GERT",2005,1005,40,0,NA,NA,NA
"278","GERT",2011,1000,55,15,NA,NA,NA
"279","GERT",2017,962,95,70,NA,NA,NA
"280","GILBERT",1988,888,160,-999,350.012,1.83,NA
"281","GLORIA",1985,920,125,-999,246.38,NA,NA
"282","GONZALO",2014,940,125,200,NA,NA,NA
"283","GONZALO",2020,997,55,20,NA,NA,NA
"284","GORDON",1994,980,75,-999,408.94,1.22,NA
"285","GORDON",2000,981,70,-999,288.29,1.52,11
"286","GORDON",2006,955,105,360,NA,NA,NA
"287","GORDON",2012,965,95,60,NA,NA,NA
"288","GORDON",2018,996,60,20,323.342,NA,NA
"289","GRACE",1991,-999,90,-999,81.534,NA,NA
"290","GRACE",1997,999,40,-999,322.326,NA,NA
"291","GRACE",2003,1007,35,-999,241.3,NA,NA
"292","GRACE",2009,986,55,120,NA,NA,NA
"293","GRACE",2015,1000,50,20,274.574,NA,NA
"294","GUSTAV",1984,1006,45,-999,NA,NA,NA
"295","GUSTAV",1990,956,105,-999,NA,NA,NA
"296","GUSTAV",1996,1005,40,-999,NA,NA,NA
"297","GUSTAV",2002,960,85,-999,152.4,NA,1
"298","GUSTAV",2008,941,135,130,533.4,3.96,49
"299","HANNA",2002,1001,50,-999,395.224,1.55,2
"300","HANNA",2008,977,75,90,411.226,NA,1
"301","HANNA",2014,1000,35,0,NA,NA,NA
"302","HANNA",2020,973,80,50,393.446,NA,NA
"303","HARVEY",1981,946,115,-999,NA,NA,NA
"304","HARVEY",1993,990,65,-999,NA,NA,NA
"305","HARVEY",1999,994,50,-999,260.096,NA,2
"306","HARVEY",2005,994,55,90,NA,NA,NA
"307","HARVEY",2011,994,55,15,NA,NA,NA
"308","HARVEY",2017,937,115,60,1538.732,NA,NA
"309","HELENE",1988,938,125,-999,NA,NA,NA
"310","HELENE",2000,986,60,-999,243.84,NA,13
"311","HELENE",2006,955,105,200,NA,NA,NA
"312","HELENE",2012,1004,40,0,NA,NA,NA
"313","HELENE",2018,967,95,80,NA,NA,NA
"314","HENRI",1985,996,50,-999,80.264,NA,NA
"315","HENRI",2003,997,50,-999,230.886,NA,1
"316","HENRI",2009,1005,45,0,NA,NA,NA
"317","HENRI",2015,1003,45,0,NA,NA,NA
"318","HERMINE",1980,993,60,-999,791.21,NA,NA
"319","HERMINE",1998,999,40,-999,359.156,NA,3
"320","HERMINE",2004,1002,50,25,NA,NA,NA
"321","HERMINE",2010,989,60,30,NA,NA,13
"322","HERMINE",2016,981,70,150,567.944,NA,NA
"323","HORTENSE",1984,993,65,-999,NA,NA,NA
"324","HORTENSE",1990,993,55,-999,NA,NA,NA
"325","HORTENSE",1996,935,120,-999,596.392,NA,NA
"326","HUGO",1989,918,140,-999,447.04,NA,NA
"327","HUMBERTO",1995,968,95,-999,NA,NA,NA
"328","HUMBERTO",2001,970,90,-999,NA,NA,NA
"329","HUMBERTO",2007,985,80,30,358.902,1.28,1
"330","HUMBERTO",2013,979,80,90,NA,NA,NA
"331","HUMBERTO",2019,950,110,140,NA,NA,NA
"332","IAN",2016,984,55,80,NA,NA,NA
"333","IDA",2009,975,90,60,457.2,1.99,NA
"334","IDA",2015,1001,45,0,NA,NA,NA
"335","IGOR",2010,924,135,240,236.22,NA,NA
"336","IKE",2008,935,125,160,447.04,5.33,33
"337","IMELDA",2019,1003,40,0,1124.966,NA,NA
"338","INGRID",2007,1002,40,0,NA,NA,NA
"339","INGRID",2013,983,75,50,NA,NA,NA
"340","IOTA",2020,917,135,80,NA,NA,NA
"341","IRENE",1981,-999,105,-999,NA,NA,NA
"342","IRENE",1999,958,95,-999,443.23,NA,7
"343","IRENE",2005,970,90,90,NA,NA,NA
"344","IRENE",2011,942,105,150,559.816,NA,9
"345","IRIS",1989,1001,60,-999,NA,NA,NA
"346","IRIS",1995,957,95,-999,NA,NA,NA
"347","IRIS",2001,948,125,-999,NA,NA,NA
"348","IRMA",2017,914,155,140,550.164,NA,NA
"349","ISAAC",1988,1005,40,-999,NA,NA,NA
"350","ISAAC",2000,943,120,-999,NA,NA,NA
"351","ISAAC",2006,985,75,60,NA,NA,NA
"352","ISAAC",2012,965,70,90,678.434,NA,30
"353","ISAAC",2018,995,65,60,NA,NA,NA
"354","ISABEL",1985,997,60,-999,804.418,NA,NA
"355","ISABEL",2003,915,145,-999,513.08,NA,1
"356","ISAIAS",2020,986,80,80,315.722,NA,NA
"357","ISIDORE",1984,999,50,-999,226.06,NA,NA
"358","ISIDORE",1990,978,85,-999,NA,NA,NA
"359","ISIDORE",1996,960,100,-999,NA,NA,NA
"360","ISIDORE",2002,934,110,-999,774.446,2.53,10
"361","IVAN",1980,970,90,-999,NA,NA,NA
"362","IVAN",1998,975,80,-999,NA,NA,NA
"363","IVAN",2004,910,145,175,431.8,4.57,118
"364","JEANNE",1980,986,85,-999,634.492,1.22,NA
"365","JEANNE",1998,969,90,-999,NA,NA,NA
"366","JEANNE",2004,950,105,100,488.188,NA,42
"367","JERRY",1989,982,75,-999,170.434,2.13,NA
"368","JERRY",1995,1002,35,-999,465.582,NA,2
"369","JERRY",2001,1004,45,-999,NA,NA,NA
"370","JERRY",2007,1003,35,0,NA,NA,NA
"371","JERRY",2013,1005,45,0,NA,NA,NA
"372","JERRY",2019,976,90,40,NA,NA,NA
"373","JOAN",1988,932,125,-999,NA,NA,NA
"374","JOAQUIN",2015,931,135,160,NA,NA,NA
"375","JOSE",1981,-999,45,-999,NA,NA,NA
"376","JOSE",1999,979,85,-999,166.116,NA,NA
"377","JOSE",2005,998,50,0,NA,NA,NA
"378","JOSE",2011,1006,40,0,NA,NA,NA
"379","JOSE",2017,938,135,110,164.592,NA,NA
"380","JOSEPHINE",1984,965,90,-999,NA,NA,NA
"381","JOSEPHINE",1990,980,75,-999,NA,NA,NA
"382","JOSEPHINE",1996,970,60,-999,289.306,2.74,26
"383","JOSEPHINE",2002,1004,50,-999,NA,NA,NA
"384","JOSEPHINE",2008,994,55,30,NA,NA,NA
"385","JOSEPHINE",2020,1004,40,0,NA,NA,NA
"386","JOYCE",2000,975,80,-999,NA,NA,NA
"387","JOYCE",2012,1006,35,0,NA,NA,NA
"388","JOYCE",2018,995,45,0,NA,NA,NA
"389","JUAN",1985,971,75,-999,451.612,2.44,NA
"390","JUAN",2003,969,90,-999,52.07,NA,NA
"391","JULIA",2010,948,120,100,NA,NA,NA
"392","JULIA",2016,1007,45,0,454.152,NA,NA
"393","KAREN",1989,1000,50,-999,NA,NA,NA
"394","KAREN",1995,1000,45,-999,NA,NA,NA
"395","KAREN",2001,982,70,-999,NA,NA,NA
"396","KAREN",2007,988,65,150,NA,NA,NA
"397","KAREN",2013,998,55,60,286.258,NA,NA
"398","KAREN",2019,1003,40,0,145.034,NA,NA
"399","KARL",1980,985,75,-999,NA,NA,NA
"400","KARL",1998,970,90,-999,NA,NA,NA
"401","KARL",2004,938,125,175,NA,NA,NA
"402","KARL",2010,956,110,40,452.882,NA,NA
"403","KARL",2016,980,60,80,NA,NA,NA
"404","KATE",1985,954,105,-999,211.328,3.35,NA
"405","KATE",2003,952,110,-999,NA,NA,NA
"406","KATE",2015,980,75,120,NA,NA,NA
"407","KATIA",2011,942,120,170,NA,NA,NA
"408","KATIA",2017,972,90,40,NA,NA,NA
"409","KATRINA",1981,980,75,-999,NA,NA,NA
"410","KATRINA",1999,999,35,-999,160.528,NA,NA
"411","KATRINA",2005,902,150,120,417.322,8.47,59
"412","KEITH",1988,945,65,-999,260.858,1.83,NA
"413","KEITH",2000,939,120,-999,623.57,NA,NA
"414","KIRK",2012,970,90,50,NA,NA,NA
"415","KIRK",2018,998,55,40,NA,NA,NA
"416","KLAUS",1984,971,80,-999,652.526,NA,NA
"417","KLAUS",1990,985,70,-999,NA,NA,NA
"418","KYLE",1996,1001,45,-999,145.034,NA,NA
"419","KYLE",2002,980,75,-999,221.488,NA,8
"420","KYLE",2008,984,75,105,773.938,NA,NA
"421","KYLE",2020,1000,45,0,NA,NA,NA
"422","LARRY",2003,993,55,-999,629.158,NA,NA
"423","LAURA",2008,990,70,240,NA,NA,NA
"424","LAURA",2020,937,130,100,298.196,NA,NA
"425","LEE",2005,1006,35,0,NA,NA,NA
"426","LEE",2011,986,50,120,532.384,NA,28
"427","LEE",2017,962,100,70,NA,NA,NA
"428","LENNY",1999,933,135,-999,866.648,NA,NA
"429","LESLIE",2000,973,60,-999,444.5,NA,NA
"430","LESLIE",2012,968,70,150,NA,NA,NA
"431","LESLIE",2018,968,80,270,NA,NA,NA
"432","LILI",1984,980,70,-999,29.718,NA,NA
"433","LILI",1990,987,65,-999,NA,NA,NA
"434","LILI",1996,960,100,-999,306.832,1.83,NA
"435","LILI",2002,938,125,-999,213.36,3.75,25
"436","LISA",1998,995,65,-999,NA,NA,NA
"437","LISA",2004,987,65,60,NA,NA,NA
"438","LISA",2010,982,75,20,NA,NA,NA
"439","LISA",2016,999,45,0,NA,NA,NA
"440","LORENZO",2001,1007,35,-999,NA,NA,NA
"441","LORENZO",2007,990,70,30,NA,NA,NA
"442","LORENZO",2013,1000,45,0,NA,NA,NA
"443","LORENZO",2019,925,140,250,NA,NA,NA
"444","LUIS",1995,935,130,-999,NA,NA,NA
"445","MARCO",1990,989,55,-999,NA,NA,NA
"446","MARCO",1996,983,65,-999,NA,NA,NA
"447","MARCO",2008,998,55,5,NA,NA,NA
"448","MARCO",2020,991,65,30,334.518,NA,NA
"449","MARIA",2005,962,100,300,NA,NA,NA
"450","MARIA",2011,983,70,150,NA,NA,NA
"451","MARIA",2017,908,150,120,962.66,NA,NA
"452","MARILYN",1995,949,100,-999,508,NA,NA
"453","MATTHEW",2004,997,40,0,412.242,1.78,NA
"454","MATTHEW",2010,998,50,45,424.942,NA,NA
"455","MATTHEW",2016,934,145,120,481.33,NA,NA
"456","MELISSA",2007,1005,35,0,NA,NA,NA
"457","MELISSA",2013,980,55,90,NA,NA,NA
"458","MELISSA",2019,994,55,180,NA,NA,NA
"459","MICHAEL",2000,965,85,-999,NA,NA,NA
"460","MICHAEL",2012,964,100,40,NA,NA,NA
"461","MICHAEL",2018,919,140,220,330.454,NA,NA
"462","MICHELLE",2001,933,120,-999,126.746,NA,2
"463","MINDY",2003,1002,40,-999,181.102,NA,NA
"464","MITCH",1998,905,155,-999,427.99,1.22,5
"465","NADINE",2000,999,50,-999,NA,NA,NA
"466","NADINE",2012,978,80,100,NA,NA,NA
"467","NADINE",2018,995,55,30,NA,NA,NA
"468","NANA",1990,989,75,-999,8.382,NA,NA
"469","NANA",2008,1004,35,0,NA,NA,NA
"470","NANA",2020,994,65,20,NA,NA,NA
"471","NATE",2005,979,80,120,NA,NA,NA
"472","NATE",2011,994,65,90,NA,NA,NA
"473","NATE",2017,981,80,60,252.222,NA,NA
"474","NESTOR",2019,996,50,70,197.358,NA,NA
"475","NICHOLAS",2003,990,60,-999,NA,NA,NA
"476","NICOLE",1998,979,75,-999,NA,NA,NA
"477","NICOLE",2004,986,45,0,NA,NA,NA
"478","NICOLE",2010,994,40,0,322.834,NA,NA
"479","NICOLE",2016,950,120,180,NA,NA,NA
"480","NINE",2015,1006,30,0,NA,NA,NA
"481","NINETEEN",2005,1006,30,0,NA,NA,NA
"482","NOEL",1995,987,65,-999,NA,NA,NA
"483","NOEL",2001,986,65,-999,NA,NA,NA
"484","NOEL",2007,965,75,270,437.642,NA,NA
"485","ODETTE",2003,993,55,-999,221.742,NA,NA
"486","OLGA",2001,973,80,-999,NA,NA,NA
"487","OLGA",2007,1003,50,90,282.702,NA,2
"488","OLGA",2019,992,45,0,260.096,NA,NA
"489","OMAR",2008,958,115,75,NA,NA,NA
"490","OMAR",2020,1003,35,0,NA,NA,NA
"491","ONE",2009,1006,30,0,NA,NA,NA
"492","OPAL",1995,916,130,-999,493.268,4.27,35
"493","OPHELIA",2005,976,75,90,444.5,NA,NA
"494","OPHELIA",2011,940,120,120,NA,NA,NA
"495","OPHELIA",2017,957,100,180,NA,NA,NA
"496","OSCAR",2012,994,45,0,NA,NA,NA
"497","OSCAR",2018,952,95,330,NA,NA,NA
"498","OTTO",2004,995,45,0,NA,NA,NA
"499","OTTO",2010,976,75,120,453.644,NA,NA
"500","OTTO",2016,975,100,30,NA,NA,NA
"501","PABLO",1995,994,50,-999,NA,NA,NA
"502","PABLO",2019,977,70,70,NA,NA,NA
"503","PALOMA",2008,944,125,60,NA,NA,NA
"504","PATTY",2012,1005,40,0,NA,NA,NA
"505","PAULA",2010,981,90,45,NA,NA,NA
"506","PAULETTE",2020,965,90,150,NA,NA,NA
"507","PETER",2003,990,60,-999,NA,NA,NA
"508","PHILIPPE",2005,985,70,30,NA,NA,NA
"509","PHILIPPE",2011,976,80,45,NA,NA,NA
"510","PHILIPPE",2017,1000,35,0,277.622,NA,NA
"511","RAFAEL",2012,966,80,330,NA,NA,NA
"512","REBEKAH",2019,965,70,390,NA,NA,NA
"513","RENE",2020,1001,40,0,NA,NA,NA
"514","RICHARD",2010,977,85,30,NA,NA,NA
"515","RINA",2011,966,100,50,NA,NA,2
"516","RINA",2017,991,50,70,NA,NA,NA
"517","RITA",2005,895,155,120,406.4,4.57,98
"518","ROXANNE",1995,956,100,-999,675.894,NA,NA
"519","SALLY",2020,965,95,70,761.746,NA,NA
"520","SANDY",2012,940,100,260,325.882,NA,NA
"521","SEAN",2011,982,55,60,NA,NA,NA
"522","SEBASTIEN",1995,1001,55,-999,NA,NA,NA
"523","SEBASTIEN",2019,970,60,160,NA,NA,NA
"524","SHARY",2010,989,65,40,NA,NA,NA
"525","SIXTEEN",2008,1004,25,0,NA,NA,NA
"526","STAN",2005,977,70,45,NA,NA,NA
"527","TAMMY",2005,1001,45,0,367.792,NA,1
"528","TANYA",1995,970,75,-999,NA,NA,NA
"529","TEDDY",2020,945,120,240,132.334,NA,NA
"530","TEN",2005,1008,30,0,NA,NA,NA
"531","TEN",2007,1005,30,0,NA,NA,NA
"532","TEN",2011,1006,30,0,NA,NA,NA
"533","TEN",2020,1008,30,0,NA,NA,NA
"534","THETA",2020,987,60,60,NA,NA,NA
"535","THREE",2019,1013,30,0,NA,NA,NA
"536","TOMAS",2010,982,85,60,NA,NA,NA
"537","TONY",2012,1000,45,0,NA,NA,NA
"538","TWENTY-TWO",2005,1005,40,0,NA,NA,NA
"539","TWO",2010,1005,30,0,NA,NA,NA
"540","TWO",2014,1012,30,0,NA,NA,NA
"541","UNNAMED",1980,-999,30,-999,NA,NA,NA
"542","UNNAMED",1981,-999,60,-999,NA,NA,NA
"543","UNNAMED",1982,-999,60,-999,NA,NA,NA
"544","UNNAMED",1983,-999,30,-999,NA,NA,NA
"545","UNNAMED",1984,-999,50,-999,NA,NA,NA
"546","UNNAMED",1985,-999,30,-999,NA,NA,NA
"547","UNNAMED",1986,-999,30,-999,NA,NA,NA
"548","UNNAMED",1987,-999,40,-999,NA,NA,NA
"549","UNNAMED",1988,-999,50,-999,NA,NA,NA
"550","UNNAMED",1989,-999,30,-999,NA,NA,NA
"551","UNNAMED",1990,-999,30,-999,NA,NA,NA
"552","UNNAMED",1991,-999,65,-999,NA,NA,NA
"553","UNNAMED",1992,1002,45,-999,NA,NA,NA
"554","UNNAMED",1993,999,35,-999,NA,NA,NA
"555","UNNAMED",1994,1004,30,-999,NA,NA,NA
"556","UNNAMED",1995,1002,30,-999,NA,NA,NA
"557","UNNAMED",1997,1003,45,-999,NA,NA,NA
"558","UNNAMED",1999,1002,30,-999,NA,NA,NA
"559","UNNAMED",2000,976,55,-999,NA,NA,NA
"560","UNNAMED",2001,1005,30,-999,NA,NA,NA
"561","UNNAMED",2002,1002,30,-999,NA,NA,NA
"562","UNNAMED",2003,1007,30,-999,NA,NA,NA
"563","UNNAMED",2004,1009,30,0,NA,NA,NA
"564","UNNAMED",2005,997,45,0,NA,NA,NA
"565","UNNAMED",2006,998,45,0,NA,NA,NA
"566","UNNAMED",2011,1002,40,0,NA,NA,NA
"567","UNNAMED",2013,995,55,100,NA,NA,NA
"568","VICKY",2020,1001,45,0,NA,NA,NA
"569","VINCE",2005,988,65,40,NA,NA,NA
"570","WILFRED",2020,1006,35,0,NA,NA,NA
"571","WILMA",2005,882,160,150,336.804,3.96,8
"572","ZETA",2005,997,50,20,NA,NA,NA
"573","ZETA",2006,994,55,60,NA,NA,NA
"574","ZETA",2020,970,100,70,223.52,NA,NA
